,good_matches_day,good_matches_num,bad_matches_day,bad_matches_num,date,time
0,[],0,[],0,03-20 19:55,03-20
1,[],0,[],0,03-20 19:57,03-20
2,[],0,[],0,03-20 20:06,03-20
3,[],0,[],0,03-20 20:13,03-20
4,[],0,[],0,03-20 20:35,03-20
5,['卖'],1,[],0,03-20 20:41,03-20
6,[],0,[],0,03-20 20:45,03-20
7,[],0,[],0,03-20 21:02,03-20
8,[],0,[],0,03-20 21:04,03-20
9,[],0,[],0,03-20 21:05,03-20
10,[],0,[],0,03-20 21:07,03-20
11,[],0,[],0,03-20 21:11,03-20
12,"['空头', '做空']",2,['涨'],1,03-20 21:13,03-20
13,[],0,[],0,03-20 21:13,03-20
14,[],0,[],0,03-20 21:24,03-20
15,[],0,[],0,03-20 21:26,03-20
16,['大跌'],1,[],0,03-20 21:31,03-20
17,"['减持', '流出']",2,[],0,03-20 21:53,03-20
18,[],0,"['多', '涨幅']",2,03-20 22:08,03-20
19,"['跌', '跌']",2,['涨'],1,03-20 22:19,03-20
20,[],0,[],0,03-20 22:45,03-20
21,['跌'],1,"['利好', '利好']",2,03-20 22:50,03-20
22,[],0,[],0,03-20 23:12,03-20
23,[],0,['上涨'],1,03-20 23:15,03-20
24,[],0,[],0,03-20 23:40,03-20
25,[],0,[],0,03-21 00:20,03-21
26,[],0,[],0,03-21 00:29,03-21
27,[],0,"['补', '买']",2,03-21 01:11,03-21
28,[],0,[],0,03-21 01:53,03-21
29,[],0,['增加'],1,03-21 04:50,03-21
30,[],0,[],0,03-21 04:58,03-21
31,[],0,[],0,03-21 06:21,03-21
32,[],0,[],0,03-21 07:15,03-21
33,[],0,[],0,03-21 07:21,03-21
34,[],0,[],0,03-21 07:28,03-21
35,[],0,[],0,03-21 07:30,03-21
36,[],0,"['多', '利好']",2,03-21 07:30,03-21
37,[],0,[],0,03-21 07:30,03-21
38,[],0,[],0,03-21 07:36,03-21
39,[],0,[],0,03-21 07:36,03-21
40,[],0,[],0,03-21 07:51,03-21
41,['跌'],1,['上涨'],1,03-21 08:06,03-21
42,[],0,[],0,03-21 08:06,03-21
43,[],0,[],0,03-21 08:24,03-21
44,[],0,[],0,03-21 08:25,03-21
45,[],0,[],0,03-21 08:26,03-21
46,[],0,[],0,03-21 08:38,03-21
47,['下跌'],1,['上涨'],1,03-21 08:46,03-21
48,[],0,[],0,03-21 08:46,03-21
49,[],0,"['流入', '流入', '涨幅']",3,03-21 08:48,03-21
50,[],0,[],0,03-21 08:57,03-21
51,[],0,[],0,03-21 09:00,03-21
52,[],0,"['上涨', '上涨', '上涨', '上涨']",4,03-21 09:08,03-21
53,[],0,[],0,03-21 09:14,03-21
54,[],0,['利好'],1,03-21 09:17,03-21
55,[],0,['多'],1,03-21 09:18,03-21
56,[],0,['买'],1,03-21 09:19,03-21
57,[],0,[],0,03-21 09:19,03-21
58,[],0,[],0,03-21 09:19,03-21
59,[],0,[],0,03-21 09:21,03-21
60,[],0,[],0,03-21 09:24,03-21
61,[],0,[],0,03-21 09:24,03-21
62,[],0,[],0,03-21 09:26,03-21
63,[],0,[],0,03-21 09:33,03-21
64,[],0,[],0,03-21 09:34,03-21
65,[],0,[],0,03-21 09:34,03-21
66,[],0,[],0,03-21 09:36,03-21
67,[],0,[],0,03-21 09:36,03-21
68,['跌'],1,[],0,03-21 09:37,03-21
69,[],0,[],0,03-21 09:37,03-21
70,[],0,[],0,03-21 09:37,03-21
71,[],0,[],0,03-21 09:39,03-21
72,[],0,[],0,03-21 09:40,03-21
73,['空'],1,[],0,03-21 09:40,03-21
74,[],0,['拉升'],1,03-21 09:42,03-21
75,[],0,[],0,03-21 09:42,03-21
76,[],0,['多'],1,03-21 09:42,03-21
77,"['卖', '卖']",2,[],0,03-21 09:43,03-21
78,[],0,[],0,03-21 09:43,03-21
79,[],0,[],0,03-21 09:44,03-21
80,[],0,[],0,03-21 09:44,03-21
81,[],0,[],0,03-21 09:46,03-21
82,[],0,[],0,03-21 09:49,03-21
83,[],0,[],0,03-21 09:51,03-21
84,[],0,[],0,03-21 09:51,03-21
85,[],0,['涨'],1,03-21 09:53,03-21
86,[],0,[],0,03-21 09:53,03-21
87,[],0,[],0,03-21 09:53,03-21
88,[],0,[],0,03-21 09:53,03-21
89,[],0,[],0,03-21 09:54,03-21
90,[],0,"['涨', '多']",2,03-21 09:55,03-21
91,[],0,[],0,03-21 09:55,03-21
92,[],0,[],0,03-21 09:55,03-21
93,[],0,[],0,03-21 09:56,03-21
94,['下跌'],1,"['上涨', '上涨', '上涨']",3,03-21 09:56,03-21
95,[],0,[],0,03-21 09:56,03-21
96,[],0,[],0,03-21 09:58,03-21
97,[],0,[],0,03-21 09:59,03-21
98,[],0,[],0,03-21 09:59,03-21
99,[],0,['大涨'],1,03-21 10:00,03-21
100,[],0,['涨'],1,03-21 10:00,03-21
101,[],0,[],0,03-21 10:00,03-21
102,[],0,[],0,03-21 10:00,03-21
103,[],0,[],0,03-21 10:00,03-21
104,['卖'],1,['买'],1,03-21 10:01,03-21
105,[],0,[],0,03-21 10:01,03-21
106,[],0,[],0,03-21 10:01,03-21
107,[],0,['涨'],1,03-21 10:02,03-21
108,[],0,[],0,03-21 10:02,03-21
109,[],0,['上涨'],1,03-21 10:02,03-21
110,[],0,[],0,03-21 10:03,03-21
111,"['卖', '卖']",2,[],0,03-21 10:03,03-21
112,['空头'],1,[],0,03-21 10:04,03-21
113,[],0,[],0,03-21 10:05,03-21
114,[],0,[],0,03-21 10:05,03-21
115,[],0,[],0,03-21 10:05,03-21
116,[],0,[],0,03-21 10:06,03-21
117,[],0,[],0,03-21 10:06,03-21
118,[],0,"['涨', '多']",2,03-21 10:06,03-21
119,[],0,[],0,03-21 10:06,03-21
120,[],0,[],0,03-21 10:06,03-21
121,[],0,[],0,03-21 10:06,03-21
122,[],0,[],0,03-21 10:07,03-21
123,['卖'],1,['买'],1,03-21 10:07,03-21
124,[],0,[],0,03-21 10:08,03-21
125,[],0,[],0,03-21 10:08,03-21
126,[],0,['入场'],1,03-21 10:08,03-21
127,[],0,[],0,03-21 10:08,03-21
128,['卖'],1,[],0,03-21 10:08,03-21
129,[],0,[],0,03-21 10:09,03-21
130,[],0,[],0,03-21 10:09,03-21
131,[],0,[],0,03-21 10:10,03-21
132,[],0,[],0,03-21 10:11,03-21
133,[],0,[],0,03-21 10:11,03-21
134,[],0,[],0,03-21 10:13,03-21
135,[],0,[],0,03-21 10:13,03-21
136,[],0,['涨'],1,03-21 10:13,03-21
137,[],0,[],0,03-21 10:13,03-21
138,[],0,[],0,03-21 10:14,03-21
139,[],0,['涨'],1,03-21 10:14,03-21
140,[],0,[],0,03-21 10:14,03-21
141,[],0,[],0,03-21 10:15,03-21
142,[],0,[],0,03-21 10:17,03-21
143,[],0,[],0,03-21 10:17,03-21
144,[],0,[],0,03-21 10:18,03-21
145,[],0,[],0,03-21 10:19,03-21
146,[],0,[],0,03-21 10:19,03-21
147,[],0,[],0,03-21 10:19,03-21
148,[],0,[],0,03-21 10:19,03-21
149,[],0,[],0,03-21 10:22,03-21
150,[],0,[],0,03-21 10:25,03-21
151,[],0,[],0,03-21 10:26,03-21
152,[],0,['流入'],1,03-21 10:26,03-21
153,[],0,[],0,03-21 10:26,03-21
154,[],0,[],0,03-21 10:26,03-21
155,[],0,[],0,03-21 10:26,03-21
156,[],0,[],0,03-21 10:27,03-21
157,[],0,[],0,03-21 10:28,03-21
158,[],0,[],0,03-21 10:29,03-21
159,[],0,['暴涨'],1,03-21 10:29,03-21
160,[],0,[],0,03-21 10:30,03-21
161,[],0,[],0,03-21 10:30,03-21
162,[],0,[],0,03-21 10:33,03-21
163,[],0,[],0,03-21 10:34,03-21
164,['看空'],1,[],0,03-21 10:34,03-21
165,[],0,[],0,03-21 10:35,03-21
166,[],0,[],0,03-21 10:36,03-21
167,[],0,['买'],1,03-21 10:36,03-21
168,[],0,"['买', '多']",2,03-21 10:37,03-21
169,[],0,[],0,03-21 10:38,03-21
170,[],0,[],0,03-21 10:38,03-21
171,[],0,[],0,03-21 10:39,03-21
172,['卖'],1,"['买', '赚']",2,03-21 10:39,03-21
173,[],0,[],0,03-21 10:39,03-21
174,[],0,[],0,03-21 10:39,03-21
175,"['出货', '下跌']",2,[],0,03-21 10:39,03-21
176,['跌'],1,[],0,03-21 10:39,03-21
177,[],0,[],0,03-21 10:40,03-21
178,"['下跌', '阴线', '下跌']",3,"['大阳线', '多', '上涨']",3,03-21 10:40,03-21
179,[],0,['上涨'],1,03-21 10:41,03-21
180,[],0,[],0,03-21 10:43,03-21
181,[],0,[],0,03-21 10:44,03-21
182,[],0,['买'],1,03-21 10:44,03-21
183,[],0,['涨'],1,03-21 10:45,03-21
184,[],0,[],0,03-21 10:46,03-21
185,[],0,[],0,03-21 10:47,03-21
186,[],0,[],0,03-21 10:48,03-21
187,[],0,[],0,03-21 10:48,03-21
188,['阴跌'],1,[],0,03-21 10:52,03-21
189,['亏'],1,['买'],1,03-21 10:52,03-21
190,[],0,[],0,03-21 10:54,03-21
191,['阴跌'],1,[],0,03-21 10:54,03-21
192,[],0,[],0,03-21 10:54,03-21
193,[],0,[],0,03-21 10:58,03-21
194,[],0,"['流入', '多']",2,03-21 10:58,03-21
195,['砸'],1,[],0,03-21 11:00,03-21
196,[],0,[],0,03-21 11:00,03-21
197,[],0,[],0,03-21 11:00,03-21
198,[],0,[],0,03-21 11:03,03-21
199,[],0,['流入'],1,03-21 11:04,03-21
200,[],0,[],0,03-21 11:05,03-21
201,[],0,[],0,03-21 11:06,03-21
202,[],0,[],0,03-21 11:06,03-21
203,[],0,[],0,03-21 11:07,03-21
204,[],0,[],0,03-21 11:07,03-21
205,[],0,['流入'],1,03-21 11:09,03-21
206,[],0,[],0,03-21 11:11,03-21
207,[],0,[],0,03-21 11:11,03-21
208,[],0,[],0,03-21 11:12,03-21
209,[],0,[],0,03-21 11:12,03-21
210,[],0,[],0,03-21 11:15,03-21
211,"['卖', '卖', '卖']",3,[],0,03-21 11:18,03-21
212,[],0,[],0,03-21 11:23,03-21
213,[],0,[],0,03-21 11:24,03-21
214,[],0,[],0,03-21 11:24,03-21
215,[],0,[],0,03-21 11:38,03-21
216,[],0,"['涨', '涨', '涨', '涨', '涨', '涨', '涨', '涨', '涨']",9,03-21 11:44,03-21
217,[],0,[],0,03-21 11:46,03-21
218,[],0,[],0,03-21 11:49,03-21
219,[],0,[],0,03-21 11:51,03-21
220,[],0,[],0,03-21 11:52,03-21
221,[],0,['多'],1,03-21 11:54,03-21
222,[],0,[],0,03-21 11:54,03-21
223,[],0,[],0,03-21 11:55,03-21
224,[],0,[],0,03-21 11:56,03-21
225,[],0,[],0,03-21 12:01,03-21
226,[],0,[],0,03-21 12:11,03-21
227,[],0,[],0,03-21 12:16,03-21
228,[],0,['多'],1,03-21 12:25,03-21
229,[],0,['涨'],1,03-21 12:30,03-21
230,[],0,[],0,03-21 12:37,03-21
231,[],0,['拉升'],1,03-21 12:39,03-21
232,[],0,[],0,03-21 12:39,03-21
233,['亏'],1,['追'],1,03-21 12:39,03-21
234,['砸'],1,[],0,03-21 12:40,03-21
235,[],0,[],0,03-21 12:40,03-21
236,[],0,['拉升'],1,03-21 12:41,03-21
237,[],0,[],0,03-21 12:41,03-21
238,[],0,[],0,03-21 12:49,03-21
239,[],0,[],0,03-21 12:52,03-21
240,[],0,[],0,03-21 12:54,03-21
241,[],0,[],0,03-21 12:57,03-21
242,[],0,[],0,03-21 12:57,03-21
243,[],0,['买'],1,03-21 12:58,03-21
244,[],0,[],0,03-21 12:59,03-21
245,[],0,['涨'],1,03-21 12:59,03-21
246,[],0,[],0,03-21 12:59,03-21
247,[],0,[],0,03-21 12:59,03-21
248,['砸'],1,[],0,03-21 13:01,03-21
249,[],0,['流入'],1,03-21 13:04,03-21
250,[],0,[],0,03-21 13:04,03-21
251,['下跌'],1,"['上涨', '增加', '利好']",3,03-21 13:05,03-21
252,[],0,[],0,03-21 13:09,03-21
253,[],0,[],0,03-21 13:11,03-21
254,['下跌'],1,['涨'],1,03-21 13:12,03-21
255,[],0,[],0,03-21 13:14,03-21
256,[],0,[],0,03-21 13:15,03-21
257,[],0,[],0,03-21 13:17,03-21
258,[],0,[],0,03-21 13:17,03-21
259,[],0,[],0,03-21 13:18,03-21
260,[],0,[],0,03-21 13:22,03-21
261,[],0,['涨'],1,03-21 13:26,03-21
262,['割肉'],1,['追'],1,03-21 13:30,03-21
263,['卖'],1,"['买', '多']",2,03-21 13:44,03-21
264,[],0,['拉升'],1,03-21 13:44,03-21
265,[],0,[],0,03-21 13:44,03-21
266,[],0,[],0,03-21 13:44,03-21
267,"['卖', '卖']",2,[],0,03-21 13:44,03-21
268,[],0,[],0,03-21 13:44,03-21
269,[],0,[],0,03-21 13:45,03-21
270,[],0,[],0,03-21 13:48,03-21
271,[],0,[],0,03-21 13:48,03-21
272,[],0,[],0,03-21 13:50,03-21
273,[],0,[],0,03-21 13:51,03-21
274,[],0,[],0,03-21 13:51,03-21
275,[],0,[],0,03-21 13:51,03-21
276,[],0,[],0,03-21 13:53,03-21
277,[],0,[],0,03-21 13:56,03-21
278,[],0,[],0,03-21 13:57,03-21
279,[],0,"['阳线', '上涨', '上涨', '多', '上涨', '看多', '多']",7,03-21 13:58,03-21
280,[],0,[],0,03-21 14:02,03-21
281,[],0,[],0,03-21 14:03,03-21
282,['割肉'],1,[],0,03-21 14:05,03-21
283,['减持'],1,['买'],1,03-21 14:05,03-21
284,[],0,[],0,03-21 14:05,03-21
285,[],0,[],0,03-21 14:06,03-21
286,[],0,[],0,03-21 14:13,03-21
287,[],0,[],0,03-21 14:18,03-21
288,[],0,[],0,03-21 14:22,03-21
289,[],0,[],0,03-21 14:23,03-21
290,[],0,['多'],1,03-21 14:23,03-21
291,['卖'],1,['买'],1,03-21 14:23,03-21
292,[],0,[],0,03-21 14:24,03-21
293,[],0,[],0,03-21 14:25,03-21
294,[],0,[],0,03-21 14:30,03-21
295,[],0,[],0,03-21 14:33,03-21
296,[],0,[],0,03-21 14:35,03-21
297,[],0,[],0,03-21 14:37,03-21
298,[],0,[],0,03-21 14:38,03-21
299,[],0,[],0,03-21 14:49,03-21
300,[],0,[],0,03-21 14:50,03-21
301,[],0,[],0,03-21 14:52,03-21
302,[],0,[],0,03-21 14:54,03-21
303,[],0,[],0,03-21 14:55,03-21
304,[],0,[],0,03-21 14:55,03-21
305,[],0,[],0,03-21 14:57,03-21
306,[],0,[],0,03-21 14:57,03-21
307,['下跌'],1,['上涨'],1,03-21 14:57,03-21
308,[],0,[],0,03-21 14:58,03-21
309,[],0,[],0,03-21 14:59,03-21
310,[],0,"['买', '涨']",2,03-21 14:59,03-21
311,[],0,[],0,03-21 15:00,03-21
312,[],0,[],0,03-21 15:00,03-21
313,[],0,[],0,03-21 15:05,03-21
314,[],0,[],0,03-21 15:06,03-21
315,[],0,[],0,03-21 15:07,03-21
316,[],0,[],0,03-21 15:07,03-21
317,[],0,['金叉'],1,03-21 15:08,03-21
318,[],0,['涨'],1,03-21 15:09,03-21
319,[],0,[],0,03-21 15:11,03-21
320,"['阴跌', '跌']",2,"['涨', '买']",2,03-21 15:12,03-21
321,[],0,[],0,03-21 15:13,03-21
322,[],0,[],0,03-21 15:14,03-21
323,[],0,[],0,03-21 15:14,03-21
324,['出货'],1,[],0,03-21 15:15,03-21
325,[],0,[],0,03-21 15:25,03-21
326,[],0,[],0,03-21 15:28,03-21
327,[],0,[],0,03-21 15:31,03-21
328,[],0,[],0,03-21 15:41,03-21
329,[],0,[],0,03-21 15:42,03-21
330,[],0,[],0,03-21 15:48,03-21
331,[],0,[],0,03-21 15:51,03-21
332,[],0,[],0,03-21 15:52,03-21
333,[],0,[],0,03-21 15:52,03-21
334,[],0,[],0,03-21 16:01,03-21
335,[],0,[],0,03-21 16:04,03-21
336,[],0,[],0,03-21 16:14,03-21
337,[],0,[],0,03-21 16:15,03-21
338,['卖'],1,[],0,03-21 16:20,03-21
339,[],0,[],0,03-21 16:28,03-21
340,[],0,[],0,03-21 16:28,03-21
341,[],0,[],0,03-21 16:30,03-21
342,[],0,[],0,03-21 16:40,03-21
343,[],0,[],0,03-21 16:43,03-21
344,['砸'],1,[],0,03-21 16:49,03-21
345,[],0,[],0,03-21 17:08,03-21
346,[],0,['买'],1,03-21 17:09,03-21
347,[],0,[],0,03-21 17:17,03-21
348,[],0,[],0,03-21 17:18,03-21
349,[],0,['拉升'],1,03-21 17:22,03-21
350,[],0,"['涨', '大阳线', '大阳线', '看多', '上涨']",5,03-21 17:26,03-21
351,['卖'],1,[],0,03-21 17:26,03-21
352,['卖'],1,[],0,03-21 17:44,03-21
353,[],0,['涨'],1,03-21 17:45,03-21
354,[],0,[],0,03-21 17:47,03-21
355,[],0,[],0,03-21 17:55,03-21
356,[],0,[],0,03-21 18:01,03-21
357,['跌'],1,"['涨', '多']",2,03-21 18:02,03-21
358,[],0,[],0,03-21 18:07,03-21
359,[],0,[],0,03-21 18:12,03-21
360,[],0,[],0,03-21 18:15,03-21
361,[],0,[],0,03-21 18:15,03-21
362,[],0,"['上涨', '上涨', '上涨']",3,03-21 18:26,03-21
363,[],0,"['多', '多', '多']",3,03-21 18:32,03-21
364,['卖'],1,[],0,03-21 18:45,03-21
365,[],0,[],0,03-21 19:01,03-21
366,[],0,[],0,03-21 19:06,03-21
367,['垃圾'],1,['涨'],1,03-21 19:06,03-21
368,[],0,['多'],1,03-21 19:07,03-21
369,[],0,[],0,03-21 19:07,03-21
370,[],0,[],0,03-21 19:08,03-21
371,['割肉'],1,[],0,03-21 19:18,03-21
372,[],0,[],0,03-21 19:34,03-21
373,[],0,[],0,03-21 19:38,03-21
374,[],0,[],0,03-21 19:53,03-21
375,[],0,[],0,03-21 19:56,03-21
376,['跌'],1,['多'],1,03-21 19:57,03-21
377,[],0,[],0,03-21 20:03,03-21
378,[],0,[],0,03-21 20:09,03-21
379,[],0,[],0,03-21 20:22,03-21
380,['高开低走'],1,[],0,03-21 20:32,03-21
381,[],0,[],0,03-21 20:34,03-21
382,[],0,[],0,03-21 20:37,03-21
383,[],0,[],0,03-21 20:41,03-21
384,[],0,[],0,03-21 20:41,03-21
385,[],0,[],0,03-21 20:50,03-21
386,[],0,[],0,03-21 20:56,03-21
387,[],0,[],0,03-21 21:08,03-21
388,[],0,[],0,03-21 21:10,03-21
389,['下跌'],1,[],0,03-21 21:12,03-21
390,[],0,[],0,03-21 21:19,03-21
391,[],0,['利好'],1,03-21 21:28,03-21
392,[],0,[],0,03-21 21:36,03-21
393,[],0,[],0,03-21 21:39,03-21
394,[],0,[],0,03-21 21:46,03-21
395,[],0,[],0,03-21 21:56,03-21
396,[],0,[],0,03-21 22:15,03-21
397,[],0,[],0,03-21 22:15,03-21
398,[],0,[],0,03-21 22:20,03-21
399,[],0,[],0,03-21 22:24,03-21
400,[],0,[],0,03-21 22:32,03-21
401,[],0,[],0,03-21 22:35,03-21
402,[],0,[],0,03-21 22:39,03-21
403,[],0,[],0,03-21 22:48,03-21
404,['暴跌'],1,[],0,03-21 22:56,03-21
405,[],0,[],0,03-21 22:57,03-21
406,[],0,[],0,03-21 22:59,03-21
407,[],0,['上涨'],1,03-21 23:06,03-21
408,[],0,[],0,03-21 23:08,03-21
409,[],0,[],0,03-21 23:17,03-21
410,"['下跌', '跌', '跌', '下跌']",4,[],0,03-21 23:44,03-21
411,[],0,[],0,03-22 00:12,03-22
412,"['收跌', '死叉']",2,"['多', '金叉']",2,03-22 00:34,03-22
413,[],0,['买'],1,03-22 02:27,03-22
414,[],0,[],0,03-22 02:28,03-22
415,[],0,[],0,03-22 05:34,03-22
416,[],0,[],0,03-22 07:06,03-22
417,[],0,[],0,03-22 07:07,03-22
418,[],0,[],0,03-22 07:17,03-22
419,[],0,['多'],1,03-22 07:22,03-22
420,[],0,[],0,03-22 07:26,03-22
421,['卖'],1,['涨'],1,03-22 07:34,03-22
422,[],0,[],0,03-22 08:07,03-22
423,[],0,[],0,03-22 08:10,03-22
424,"['亏', '亏']",2,['赚'],1,03-22 08:10,03-22
425,[],0,[],0,03-22 08:13,03-22
426,[],0,[],0,03-22 08:21,03-22
427,[],0,[],0,03-22 08:23,03-22
428,[],0,[],0,03-22 08:33,03-22
429,['割肉'],1,[],0,03-22 08:42,03-22
430,[],0,[],0,03-22 08:46,03-22
431,[],0,[],0,03-22 08:51,03-22
432,['流出'],1,"['增加', '流入', '涨幅']",3,03-22 08:53,03-22
433,[],0,[],0,03-22 08:55,03-22
434,[],0,[],0,03-22 09:04,03-22
435,['暴跌'],1,[],0,03-22 09:04,03-22
436,[],0,[],0,03-22 09:06,03-22
437,[],0,[],0,03-22 09:10,03-22
438,[],0,['多'],1,03-22 09:20,03-22
439,['砸'],1,[],0,03-22 09:20,03-22
440,[],0,[],0,03-22 09:27,03-22
441,[],0,[],0,03-22 09:30,03-22
442,[],0,[],0,03-22 09:30,03-22
443,[],0,[],0,03-22 09:31,03-22
444,[],0,[],0,03-22 09:33,03-22
445,[],0,[],0,03-22 09:33,03-22
446,['下跌'],1,['涨'],1,03-22 09:35,03-22
447,[],0,[],0,03-22 09:35,03-22
448,[],0,[],0,03-22 09:37,03-22
449,[],0,[],0,03-22 09:37,03-22
450,[],0,[],0,03-22 09:37,03-22
451,['砸'],1,[],0,03-22 09:37,03-22
452,[],0,['多'],1,03-22 09:38,03-22
453,[],0,[],0,03-22 09:43,03-22
454,[],0,['多'],1,03-22 09:45,03-22
455,['砸'],1,[],0,03-22 09:46,03-22
456,['卖'],1,['买'],1,03-22 09:47,03-22
457,['做空'],1,[],0,03-22 09:48,03-22
458,['跌'],1,[],0,03-22 09:49,03-22
459,[],0,[],0,03-22 09:49,03-22
460,[],0,[],0,03-22 09:50,03-22
461,[],0,[],0,03-22 09:50,03-22
462,[],0,[],0,03-22 09:50,03-22
463,[],0,[],0,03-22 09:51,03-22
464,[],0,[],0,03-22 09:54,03-22
465,[],0,['涨'],1,03-22 09:55,03-22
466,['下跌'],1,[],0,03-22 09:57,03-22
467,[],0,[],0,03-22 09:58,03-22
468,[],0,[],0,03-22 09:58,03-22
469,['跌'],1,['涨'],1,03-22 09:59,03-22
470,[],0,[],0,03-22 10:01,03-22
471,[],0,[],0,03-22 10:02,03-22
472,[],0,[],0,03-22 10:03,03-22
473,[],0,['赚'],1,03-22 10:06,03-22
474,[],0,[],0,03-22 10:08,03-22
475,[],0,[],0,03-22 10:11,03-22
476,[],0,[],0,03-22 10:13,03-22
477,[],0,[],0,03-22 10:16,03-22
478,['砸'],1,[],0,03-22 10:18,03-22
479,[],0,['上涨'],1,03-22 10:19,03-22
480,['出货'],1,[],0,03-22 10:19,03-22
481,[],0,[],0,03-22 10:19,03-22
482,[],0,[],0,03-22 10:21,03-22
483,['下跌'],1,[],0,03-22 10:25,03-22
484,['跌'],1,"['涨', '涨']",2,03-22 10:26,03-22
485,[],0,[],0,03-22 10:26,03-22
486,['砸'],1,[],0,03-22 10:27,03-22
487,[],0,[],0,03-22 10:28,03-22
488,[],0,[],0,03-22 10:29,03-22
489,[],0,[],0,03-22 10:30,03-22
490,[],0,[],0,03-22 10:32,03-22
491,[],0,[],0,03-22 10:33,03-22
492,[],0,[],0,03-22 10:35,03-22
493,['下跌'],1,[],0,03-22 10:36,03-22
494,[],0,['多'],1,03-22 10:36,03-22
495,[],0,[],0,03-22 10:38,03-22
496,"['割肉', '下跌']",2,[],0,03-22 10:39,03-22
497,[],0,[],0,03-22 10:42,03-22
498,[],0,[],0,03-22 10:42,03-22
499,['流出'],1,['增加'],1,03-22 10:43,03-22
500,[],0,[],0,03-22 10:48,03-22
501,['卖'],1,[],0,03-22 10:48,03-22
502,[],0,['买'],1,03-22 10:49,03-22
503,[],0,[],0,03-22 10:51,03-22
504,['跌'],1,"['涨', '多']",2,03-22 10:51,03-22
505,[],0,[],0,03-22 10:52,03-22
506,"['跌', '跌']",2,[],0,03-22 10:53,03-22
507,[],0,[],0,03-22 10:59,03-22
508,['跌'],1,[],0,03-22 11:00,03-22
509,[],0,['涨'],1,03-22 11:08,03-22
510,[],0,[],0,03-22 11:08,03-22
511,[],0,[],0,03-22 11:08,03-22
512,['跌'],1,[],0,03-22 11:10,03-22
513,['卖'],1,['买'],1,03-22 11:11,03-22
514,[],0,[],0,03-22 11:12,03-22
515,[],0,[],0,03-22 11:12,03-22
516,[],0,[],0,03-22 11:14,03-22
517,[],0,[],0,03-22 11:14,03-22
518,[],0,[],0,03-22 11:15,03-22
519,['下跌'],1,"['上涨', '涨幅']",2,03-22 11:16,03-22
520,['下跌'],1,[],0,03-22 11:18,03-22
521,['流出'],1,[],0,03-22 11:18,03-22
522,"['卖', '亏']",2,[],0,03-22 11:22,03-22
523,[],0,['利好'],1,03-22 11:23,03-22
524,[],0,['涨'],1,03-22 11:25,03-22
525,[],0,[],0,03-22 11:27,03-22
526,[],0,[],0,03-22 11:27,03-22
527,[],0,[],0,03-22 11:29,03-22
528,[],0,[],0,03-22 11:34,03-22
529,['跌'],1,"['涨', '涨']",2,03-22 11:35,03-22
530,[],0,[],0,03-22 11:35,03-22
531,[],0,[],0,03-22 11:36,03-22
532,[],0,['涨'],1,03-22 11:36,03-22
533,[],0,['买'],1,03-22 11:41,03-22
534,[],0,[],0,03-22 11:42,03-22
535,[],0,[],0,03-22 11:44,03-22
536,[],0,[],0,03-22 11:48,03-22
537,[],0,[],0,03-22 11:49,03-22
538,[],0,[],0,03-22 11:56,03-22
539,[],0,['上涨'],1,03-22 11:56,03-22
540,['跌'],1,[],0,03-22 11:57,03-22
541,[],0,['买'],1,03-22 12:11,03-22
542,[],0,[],0,03-22 12:11,03-22
543,[],0,[],0,03-22 12:17,03-22
544,[],0,[],0,03-22 12:29,03-22
545,"['下跌', '下跌']",2,[],0,03-22 12:29,03-22
546,['跌'],1,"['涨', '多']",2,03-22 12:31,03-22
547,[],0,[],0,03-22 12:33,03-22
548,[],0,['补'],1,03-22 12:35,03-22
549,['大跌'],1,['涨'],1,03-22 12:36,03-22
550,[],0,[],0,03-22 12:41,03-22
551,[],0,[],0,03-22 12:56,03-22
552,"['亏损', '亏损', '亏损', '亏损']",4,"['盈利', '盈利', '赚']",3,03-22 12:57,03-22
553,[],0,[],0,03-22 13:08,03-22
554,[],0,[],0,03-22 13:11,03-22
555,[],0,[],0,03-22 13:13,03-22
556,[],0,[],0,03-22 13:17,03-22
557,[],0,[],0,03-22 13:20,03-22
558,"['跌', '跌停', '跌停']",3,[],0,03-22 13:21,03-22
559,[],0,[],0,03-22 13:21,03-22
560,[],0,[],0,03-22 13:27,03-22
561,['跌'],1,[],0,03-22 13:30,03-22
562,[],0,[],0,03-22 13:34,03-22
563,[],0,['拉升'],1,03-22 13:37,03-22
564,[],0,[],0,03-22 13:37,03-22
565,[],0,[],0,03-22 13:41,03-22
566,[],0,[],0,03-22 13:42,03-22
567,[],0,['上涨'],1,03-22 13:42,03-22
568,[],0,[],0,03-22 13:47,03-22
569,['跌'],1,['涨'],1,03-22 13:47,03-22
570,[],0,[],0,03-22 13:49,03-22
571,['空'],1,[],0,03-22 13:50,03-22
572,[],0,[],0,03-22 13:50,03-22
573,[],0,['买'],1,03-22 13:51,03-22
574,[],0,[],0,03-22 13:51,03-22
575,[],0,[],0,03-22 13:51,03-22
576,[],0,[],0,03-22 13:51,03-22
577,[],0,['赚'],1,03-22 13:52,03-22
578,['砸'],1,[],0,03-22 13:56,03-22
579,[],0,[],0,03-22 13:59,03-22
580,[],0,[],0,03-22 14:00,03-22
581,['卖'],1,[],0,03-22 14:01,03-22
582,[],0,[],0,03-22 14:01,03-22
583,"['割肉', '亏了']",2,[],0,03-22 14:02,03-22
584,[],0,[],0,03-22 14:03,03-22
585,[],0,"['涨', '多']",2,03-22 14:03,03-22
586,[],0,[],0,03-22 14:04,03-22
587,"['跌', '流出']",2,[],0,03-22 14:06,03-22
588,[],0,[],0,03-22 14:06,03-22
589,[],0,"['拉升', '买']",2,03-22 14:06,03-22
590,[],0,[],0,03-22 14:07,03-22
591,[],0,['涨'],1,03-22 14:07,03-22
592,[],0,[],0,03-22 14:07,03-22
593,[],0,['多'],1,03-22 14:08,03-22
594,['跌'],1,['涨'],1,03-22 14:08,03-22
595,['砸'],1,[],0,03-22 14:10,03-22
596,[],0,[],0,03-22 14:12,03-22
597,[],0,[],0,03-22 14:12,03-22
598,[],0,[],0,03-22 14:14,03-22
599,[],0,['买'],1,03-22 14:14,03-22
600,[],0,['上涨'],1,03-22 14:14,03-22
601,[],0,[],0,03-22 14:15,03-22
602,[],0,[],0,03-22 14:17,03-22
603,[],0,[],0,03-22 14:17,03-22
604,[],0,['涨'],1,03-22 14:17,03-22
605,[],0,[],0,03-22 14:20,03-22
606,[],0,[],0,03-22 14:20,03-22
607,[],0,"['涨', '大阳线', '大阳线', '看多', '上涨']",5,03-22 14:21,03-22
608,[],0,[],0,03-22 14:22,03-22
609,[],0,[],0,03-22 14:22,03-22
610,['砸'],1,[],0,03-22 14:23,03-22
611,[],0,[],0,03-22 14:24,03-22
612,[],0,[],0,03-22 14:28,03-22
613,[],0,[],0,03-22 14:29,03-22
614,[],0,[],0,03-22 14:31,03-22
615,[],0,[],0,03-22 14:36,03-22
616,[],0,[],0,03-22 14:36,03-22
617,[],0,[],0,03-22 14:37,03-22
618,[],0,[],0,03-22 14:37,03-22
619,"['砸', '砸']",2,[],0,03-22 14:37,03-22
620,[],0,[],0,03-22 14:39,03-22
621,[],0,['买'],1,03-22 14:41,03-22
622,[],0,['涨'],1,03-22 14:41,03-22
623,[],0,[],0,03-22 14:41,03-22
624,['空'],1,[],0,03-22 14:42,03-22
625,['卖'],1,[],0,03-22 14:42,03-22
626,[],0,['多'],1,03-22 14:42,03-22
627,[],0,['买'],1,03-22 14:44,03-22
628,[],0,[],0,03-22 14:45,03-22
629,[],0,['买'],1,03-22 14:45,03-22
630,['跌停'],1,[],0,03-22 14:45,03-22
631,[],0,[],0,03-22 14:45,03-22
632,[],0,[],0,03-22 14:47,03-22
633,"['暴跌', '割肉', '卖']",3,[],0,03-22 14:47,03-22
634,[],0,[],0,03-22 14:48,03-22
635,[],0,['买'],1,03-22 14:49,03-22
636,[],0,[],0,03-22 14:51,03-22
637,[],0,[],0,03-22 14:52,03-22
638,[],0,['多'],1,03-22 14:52,03-22
639,[],0,[],0,03-22 14:52,03-22
640,[],0,['涨'],1,03-22 14:53,03-22
641,[],0,[],0,03-22 14:53,03-22
642,[],0,[],0,03-22 14:53,03-22
643,[],0,['买'],1,03-22 14:55,03-22
644,[],0,[],0,03-22 14:56,03-22
645,[],0,[],0,03-22 14:57,03-22
646,[],0,[],0,03-22 14:57,03-22
647,[],0,[],0,03-22 14:57,03-22
648,[],0,[],0,03-22 14:59,03-22
649,['亏'],1,[],0,03-22 15:00,03-22
650,[],0,[],0,03-22 15:01,03-22
651,['垃圾'],1,[],0,03-22 15:01,03-22
652,['卖'],1,[],0,03-22 15:01,03-22
653,[],0,[],0,03-22 15:03,03-22
654,[],0,[],0,03-22 15:05,03-22
655,[],0,[],0,03-22 15:11,03-22
656,[],0,[],0,03-22 15:11,03-22
657,['砸'],1,['多'],1,03-22 15:13,03-22
658,[],0,[],0,03-22 15:14,03-22
659,[],0,['补'],1,03-22 15:15,03-22
660,"['做空', '空头']",2,['多头'],1,03-22 15:15,03-22
661,['跌'],1,[],0,03-22 15:25,03-22
662,[],0,[],0,03-22 15:30,03-22
663,['砸'],1,[],0,03-22 15:32,03-22
664,[],0,[],0,03-22 15:35,03-22
665,[],0,['买'],1,03-22 15:36,03-22
666,[],0,['买'],1,03-22 15:38,03-22
667,[],0,[],0,03-22 15:56,03-22
668,['下跌'],1,[],0,03-22 15:57,03-22
669,"['砸', '砸']",2,"['大阳线', '多', '大阳线']",3,03-22 15:57,03-22
670,['跌'],1,[],0,03-22 15:59,03-22
671,['减持'],1,['看涨'],1,03-22 16:03,03-22
672,[],0,['涨'],1,03-22 16:04,03-22
673,[],0,['买'],1,03-22 16:07,03-22
674,[],0,['买'],1,03-22 16:07,03-22
675,[],0,['入场'],1,03-22 16:13,03-22
676,['流出'],1,[],0,03-22 16:13,03-22
677,['跌'],1,[],0,03-22 16:18,03-22
678,[],0,[],0,03-22 16:26,03-22
679,[],0,[],0,03-22 16:35,03-22
680,[],0,[],0,03-22 16:35,03-22
681,[],0,[],0,03-22 16:44,03-22
682,"['跌', '跌']",2,['多'],1,03-22 17:03,03-22
683,[],0,[],0,03-22 17:22,03-22
684,[],0,[],0,03-22 17:30,03-22
685,[],0,['拉升'],1,03-22 17:51,03-22
686,[],0,[],0,03-22 18:06,03-22
687,[],0,[],0,03-22 18:27,03-22
688,[],0,[],0,03-22 18:28,03-22
689,[],0,[],0,03-22 18:30,03-22
690,[],0,[],0,03-22 18:31,03-22
691,[],0,[],0,03-22 18:35,03-22
692,[],0,[],0,03-22 18:39,03-22
693,[],0,[],0,03-22 18:45,03-22
694,[],0,[],0,03-22 18:50,03-22
695,['跌'],1,['涨'],1,03-22 19:25,03-22
696,[],0,[],0,03-22 19:27,03-22
697,[],0,[],0,03-22 19:50,03-22
698,[],0,[],0,03-22 20:19,03-22
699,[],0,[],0,03-22 20:29,03-22
700,[],0,[],0,03-22 20:30,03-22
701,[],0,[],0,03-22 20:43,03-22
702,"['跌', '跌', '跌']",3,"['上涨', '上涨', '上涨', '涨', '上涨']",5,03-22 20:45,03-22
703,[],0,[],0,03-22 20:48,03-22
704,[],0,[],0,03-22 20:50,03-22
705,[],0,[],0,03-22 20:57,03-22
706,['下跌'],1,[],0,03-22 21:03,03-22
707,[],0,['补'],1,03-22 21:18,03-22
708,[],0,[],0,03-22 21:25,03-22
709,[],0,"['买', '买']",2,03-22 21:29,03-22
710,"['大跌', '跌']",2,[],0,03-22 21:46,03-22
711,[],0,['拉升'],1,03-22 21:50,03-22
712,[],0,['多'],1,03-22 21:50,03-22
713,[],0,[],0,03-22 22:19,03-22
714,[],0,[],0,03-22 22:22,03-22
715,[],0,[],0,03-22 22:27,03-22
716,[],0,[],0,03-22 22:31,03-22
717,[],0,['上涨'],1,03-22 22:33,03-22
718,[],0,[],0,03-22 22:59,03-22
719,['流出'],1,['增加'],1,03-22 22:59,03-22
720,[],0,[],0,03-22 23:40,03-22
721,[],0,['买'],1,03-23 02:44,03-23
722,[],0,"['涨', '多', '涨']",3,03-23 04:39,03-23
723,[],0,[],0,03-23 07:15,03-23
724,[],0,['补'],1,03-23 07:18,03-23
725,[],0,[],0,03-23 07:38,03-23
726,[],0,[],0,03-23 08:51,03-23
727,[],0,[],0,03-23 09:22,03-23
728,['下跌'],1,[],0,03-23 09:24,03-23
729,[],0,[],0,03-23 10:47,03-23
730,[],0,[],0,03-23 10:58,03-23
731,[],0,[],0,03-23 12:56,03-23
732,[],0,[],0,03-23 13:33,03-23
733,[],0,['涨'],1,03-23 13:41,03-23
734,[],0,['涨'],1,03-23 14:43,03-23
735,[],0,[],0,03-23 14:57,03-23
736,[],0,[],0,03-23 14:57,03-23
737,[],0,[],0,03-23 15:00,03-23
738,[],0,[],0,03-23 16:00,03-23
739,[],0,[],0,03-23 16:00,03-23
740,['下跌'],1,[],0,03-23 16:00,03-23
741,[],0,[],0,03-23 16:00,03-23
742,[],0,[],0,03-23 16:00,03-23
743,[],0,[],0,03-23 16:00,03-23
744,[],0,[],0,03-23 16:00,03-23
745,[],0,[],0,03-23 16:00,03-23
746,[],0,[],0,03-23 16:00,03-23
747,[],0,['入场'],1,03-23 16:00,03-23
748,[],0,['入场'],1,03-23 16:00,03-23
749,[],0,[],0,03-23 16:00,03-23
750,[],0,[],0,03-23 16:00,03-23
751,[],0,['入场'],1,03-23 16:00,03-23
752,[],0,[],0,03-23 16:00,03-23
753,[],0,[],0,03-23 16:01,03-23
754,[],0,[],0,03-23 16:01,03-23
755,[],0,[],0,03-23 16:18,03-23
756,[],0,[],0,03-23 16:51,03-23
757,[],0,[],0,03-23 17:47,03-23
758,[],0,[],0,03-23 20:58,03-23
759,[],0,[],0,03-23 21:04,03-23
760,['砸'],1,['买'],1,03-23 21:29,03-23
761,[],0,[],0,03-23 21:51,03-23
762,[],0,[],0,03-23 22:00,03-23
763,[],0,"['涨幅', '涨幅', '涨', '上涨']",4,03-23 22:18,03-23
764,[],0,[],0,03-23 22:48,03-23
765,"['下跌', '跌', '大跌', '跌']",4,[],0,03-23 22:50,03-23
766,[],0,[],0,03-23 23:07,03-23
767,"['做空', '做空']",2,[],0,03-23 23:10,03-23
768,[],0,[],0,03-23 23:27,03-23
769,[],0,[],0,03-23 23:29,03-23
770,[],0,[],0,03-23 23:37,03-23
771,[],0,[],0,03-24 01:35,03-24
772,[],0,[],0,03-24 05:35,03-24
773,[],0,[],0,03-24 05:35,03-24
774,[],0,[],0,03-24 05:36,03-24
775,[],0,[],0,03-24 05:49,03-24
776,[],0,[],0,03-24 06:39,03-24
777,[],0,[],0,03-24 06:46,03-24
778,[],0,[],0,03-24 07:03,03-24
779,[],0,[],0,03-24 07:12,03-24
780,[],0,[],0,03-24 08:12,03-24
781,[],0,[],0,03-24 08:26,03-24
782,[],0,['涨幅'],1,03-24 08:40,03-24
783,[],0,[],0,03-24 08:53,03-24
784,[],0,[],0,03-24 09:13,03-24
785,[],0,['多'],1,03-24 10:02,03-24
786,[],0,[],0,03-24 10:15,03-24
787,"['暴跌', '亏损']",2,[],0,03-24 10:28,03-24
788,[],0,['补'],1,03-24 10:46,03-24
789,[],0,"['上涨', '上涨']",2,03-24 10:53,03-24
790,[],0,['入场'],1,03-24 11:16,03-24
791,[],0,[],0,03-24 11:17,03-24
792,[],0,[],0,03-24 11:17,03-24
793,[],0,[],0,03-24 12:11,03-24
794,[],0,[],0,03-24 12:11,03-24
795,['跌'],1,[],0,03-24 12:12,03-24
796,[],0,[],0,03-24 12:12,03-24
797,[],0,['多'],1,03-24 12:12,03-24
798,[],0,[],0,03-24 12:18,03-24
799,[],0,[],0,03-24 12:18,03-24
800,['卖'],1,[],0,03-24 12:20,03-24
801,['跌'],1,[],0,03-24 12:29,03-24
802,[],0,[],0,03-24 12:33,03-24
803,[],0,[],0,03-24 12:34,03-24
804,[],0,"['涨', '买']",2,03-24 12:34,03-24
805,[],0,[],0,03-24 12:35,03-24
806,[],0,[],0,03-24 12:37,03-24
807,[],0,[],0,03-24 12:40,03-24
808,['下跌'],1,[],0,03-24 12:40,03-24
809,"['看跌', '流出']",2,['多'],1,03-24 12:44,03-24
810,[],0,[],0,03-24 12:55,03-24
811,[],0,[],0,03-24 12:56,03-24
812,[],0,[],0,03-24 13:02,03-24
813,[],0,[],0,03-24 13:25,03-24
814,[],0,[],0,03-24 13:29,03-24
815,[],0,['涨'],1,03-24 14:15,03-24
816,[],0,[],0,03-24 17:38,03-24
817,[],0,[],0,03-24 17:45,03-24
818,[],0,[],0,03-24 18:32,03-24
819,[],0,[],0,03-24 18:33,03-24
820,[],0,[],0,03-24 18:38,03-24
821,[],0,['利好'],1,03-24 18:47,03-24
822,[],0,[],0,03-24 19:08,03-24
823,[],0,['多'],1,03-24 19:10,03-24
824,[],0,[],0,03-24 19:11,03-24
825,[],0,[],0,03-24 19:23,03-24
826,[],0,['利好'],1,03-24 19:33,03-24
827,[],0,[],0,03-24 20:03,03-24
828,[],0,[],0,03-24 20:32,03-24
829,['跌'],1,[],0,03-24 20:34,03-24
830,[],0,[],0,03-24 20:44,03-24
831,['砸'],1,['流入'],1,03-24 20:55,03-24
832,[],0,[],0,03-24 20:58,03-24
833,[],0,[],0,03-24 21:12,03-24
834,[],0,[],0,03-24 21:32,03-24
835,['深套'],1,[],0,03-24 22:40,03-24
836,['暴跌'],1,[],0,03-24 22:54,03-24
837,[],0,[],0,03-24 23:00,03-24
838,[],0,['大增'],1,03-24 23:04,03-24
839,['跌'],1,['涨'],1,03-24 23:04,03-24
840,"['下跌', '做空', '下跌', '大跌', '下跌', '做空', '出手']",7,[],0,03-24 23:34,03-24
841,['做空'],1,[],0,03-24 23:36,03-24
842,[],0,[],0,03-24 23:40,03-24
843,[],0,"['多', '赚']",2,03-25 00:00,03-25
844,[],0,[],0,03-25 00:50,03-25
845,['利空'],1,[],0,03-25 01:17,03-25
846,[],0,[],0,03-25 04:06,03-25
847,['利空'],1,['利好'],1,03-25 04:07,03-25
848,"['利空', '暴跌']",2,"['利好', '涨']",2,03-25 06:31,03-25
849,[],0,[],0,03-25 06:55,03-25
850,[],0,[],0,03-25 07:19,03-25
851,[],0,[],0,03-25 07:29,03-25
852,[],0,[],0,03-25 08:22,03-25
853,['流出'],1,[],0,03-25 08:22,03-25
854,[],0,[],0,03-25 08:25,03-25
855,[],0,[],0,03-25 08:42,03-25
856,['流出'],1,"['增加', '流入', '涨幅']",3,03-25 08:42,03-25
857,[],0,[],0,03-25 08:42,03-25
858,[],0,[],0,03-25 08:42,03-25
859,[],0,[],0,03-25 08:42,03-25
860,['亏'],1,[],0,03-25 08:48,03-25
861,[],0,[],0,03-25 08:57,03-25
862,[],0,[],0,03-25 08:57,03-25
863,[],0,[],0,03-25 08:57,03-25
864,[],0,[],0,03-25 08:57,03-25
865,[],0,[],0,03-25 08:57,03-25
866,[],0,[],0,03-25 09:15,03-25
867,['跌'],1,[],0,03-25 09:22,03-25
868,[],0,[],0,03-25 09:25,03-25
869,[],0,[],0,03-25 09:25,03-25
870,[],0,[],0,03-25 09:25,03-25
871,[],0,[],0,03-25 09:26,03-25
872,['被套'],1,[],0,03-25 09:28,03-25
873,[],0,[],0,03-25 09:28,03-25
874,['跌停'],1,[],0,03-25 09:28,03-25
875,[],0,[],0,03-25 09:29,03-25
876,[],0,[],0,03-25 09:30,03-25
877,['跌'],1,['涨'],1,03-25 09:30,03-25
878,[],0,[],0,03-25 09:30,03-25
879,[],0,[],0,03-25 09:30,03-25
880,[],0,[],0,03-25 09:30,03-25
881,[],0,[],0,03-25 09:30,03-25
882,[],0,[],0,03-25 09:31,03-25
883,[],0,[],0,03-25 09:33,03-25
884,[],0,[],0,03-25 09:34,03-25
885,[],0,[],0,03-25 09:34,03-25
886,[],0,[],0,03-25 09:35,03-25
887,[],0,[],0,03-25 09:36,03-25
888,[],0,[],0,03-25 09:36,03-25
889,['跌停'],1,[],0,03-25 09:38,03-25
890,['大跌'],1,[],0,03-25 09:38,03-25
891,[],0,[],0,03-25 09:39,03-25
892,[],0,[],0,03-25 09:40,03-25
893,[],0,[],0,03-25 09:41,03-25
894,['砸'],1,[],0,03-25 09:41,03-25
895,[],0,[],0,03-25 09:41,03-25
896,[],0,[],0,03-25 09:42,03-25
897,['卖'],1,['买'],1,03-25 09:42,03-25
898,['砸'],1,[],0,03-25 09:42,03-25
899,['流出'],1,[],0,03-25 09:42,03-25
900,[],0,[],0,03-25 09:44,03-25
901,[],0,[],0,03-25 09:44,03-25
902,[],0,[],0,03-25 09:44,03-25
903,[],0,[],0,03-25 09:44,03-25
904,[],0,[],0,03-25 09:45,03-25
905,[],0,[],0,03-25 09:45,03-25
906,['下跌'],1,[],0,03-25 09:46,03-25
907,[],0,[],0,03-25 09:47,03-25
908,[],0,[],0,03-25 09:47,03-25
909,[],0,[],0,03-25 09:49,03-25
910,['跌'],1,[],0,03-25 09:49,03-25
911,[],0,[],0,03-25 09:49,03-25
912,[],0,[],0,03-25 09:50,03-25
913,[],0,[],0,03-25 09:51,03-25
914,['砸'],1,[],0,03-25 09:52,03-25
915,[],0,[],0,03-25 09:52,03-25
916,[],0,[],0,03-25 09:54,03-25
917,[],0,[],0,03-25 09:54,03-25
918,[],0,[],0,03-25 09:55,03-25
919,[],0,[],0,03-25 09:56,03-25
920,[],0,[],0,03-25 09:56,03-25
921,[],0,[],0,03-25 09:56,03-25
922,[],0,['利好'],1,03-25 09:56,03-25
923,[],0,[],0,03-25 09:57,03-25
924,[],0,['买'],1,03-25 09:57,03-25
925,[],0,[],0,03-25 09:57,03-25
926,['流出'],1,[],0,03-25 09:58,03-25
927,[],0,[],0,03-25 10:02,03-25
928,[],0,[],0,03-25 10:03,03-25
929,[],0,['补'],1,03-25 10:03,03-25
930,['下跌'],1,[],0,03-25 10:06,03-25
931,[],0,[],0,03-25 10:06,03-25
932,[],0,[],0,03-25 10:08,03-25
933,[],0,[],0,03-25 10:08,03-25
934,['跌'],1,['利好'],1,03-25 10:09,03-25
935,[],0,[],0,03-25 10:09,03-25
936,[],0,[],0,03-25 10:12,03-25
937,['跌'],1,[],0,03-25 10:13,03-25
938,[],0,['买'],1,03-25 10:13,03-25
939,['跌'],1,['赚'],1,03-25 10:14,03-25
940,[],0,[],0,03-25 10:15,03-25
941,[],0,[],0,03-25 10:15,03-25
942,[],0,[],0,03-25 10:16,03-25
943,['跌'],1,['买'],1,03-25 10:16,03-25
944,['砸'],1,[],0,03-25 10:16,03-25
945,[],0,['买'],1,03-25 10:18,03-25
946,[],0,[],0,03-25 10:19,03-25
947,[],0,[],0,03-25 10:20,03-25
948,[],0,[],0,03-25 10:22,03-25
949,['跌'],1,[],0,03-25 10:23,03-25
950,[],0,[],0,03-25 10:23,03-25
951,['流出'],1,[],0,03-25 10:24,03-25
952,[],0,[],0,03-25 10:26,03-25
953,[],0,[],0,03-25 10:26,03-25
954,[],0,[],0,03-25 10:26,03-25
955,[],0,['涨'],1,03-25 10:27,03-25
956,[],0,[],0,03-25 10:27,03-25
957,[],0,[],0,03-25 10:27,03-25
958,[],0,['赚'],1,03-25 10:27,03-25
959,[],0,[],0,03-25 10:29,03-25
960,"['跌', '跌']",2,[],0,03-25 10:32,03-25
961,[],0,['买'],1,03-25 10:35,03-25
962,[],0,[],0,03-25 10:37,03-25
963,[],0,[],0,03-25 10:37,03-25
964,[],0,"['大涨', '买']",2,03-25 10:38,03-25
965,[],0,[],0,03-25 10:39,03-25
966,[],0,[],0,03-25 10:39,03-25
967,['跌'],1,[],0,03-25 10:40,03-25
968,[],0,[],0,03-25 10:40,03-25
969,[],0,[],0,03-25 10:42,03-25
970,[],0,"['涨', '涨', '涨', '涨']",4,03-25 10:42,03-25
971,[],0,[],0,03-25 10:47,03-25
972,[],0,[],0,03-25 10:48,03-25
973,[],0,[],0,03-25 10:48,03-25
974,['卖'],1,['买'],1,03-25 10:50,03-25
975,[],0,[],0,03-25 10:51,03-25
976,[],0,[],0,03-25 10:51,03-25
977,['卖'],1,[],0,03-25 10:52,03-25
978,[],0,[],0,03-25 10:55,03-25
979,[],0,[],0,03-25 10:56,03-25
980,[],0,[],0,03-25 10:57,03-25
981,[],0,[],0,03-25 10:57,03-25
982,[],0,[],0,03-25 10:58,03-25
983,['砸'],1,[],0,03-25 10:58,03-25
984,[],0,[],0,03-25 10:59,03-25
985,[],0,[],0,03-25 11:02,03-25
986,['跌停'],1,[],0,03-25 11:02,03-25
987,[],0,[],0,03-25 11:07,03-25
988,[],0,[],0,03-25 11:07,03-25
989,[],0,[],0,03-25 11:08,03-25
990,[],0,[],0,03-25 11:09,03-25
991,[],0,[],0,03-25 11:09,03-25
992,[],0,['买'],1,03-25 11:10,03-25
993,['垃圾'],1,[],0,03-25 11:12,03-25
994,"['大跌', '跌']",2,"['大涨', '涨']",2,03-25 11:13,03-25
995,['跌'],1,[],0,03-25 11:14,03-25
996,[],0,[],0,03-25 11:16,03-25
997,[],0,[],0,03-25 11:18,03-25
998,[],0,[],0,03-25 11:19,03-25
999,[],0,[],0,03-25 11:20,03-25
1000,['流出'],1,[],0,03-25 11:20,03-25
1001,[],0,[],0,03-25 11:21,03-25
1002,[],0,[],0,03-25 11:21,03-25
1003,[],0,[],0,03-25 11:24,03-25
1004,[],0,[],0,03-25 11:25,03-25
1005,[],0,[],0,03-25 11:26,03-25
1006,[],0,['涨'],1,03-25 11:26,03-25
1007,['亏'],1,[],0,03-25 11:27,03-25
1008,[],0,[],0,03-25 11:31,03-25
1009,[],0,['大涨'],1,03-25 11:35,03-25
1010,[],0,[],0,03-25 11:36,03-25
1011,[],0,[],0,03-25 11:41,03-25
1012,[],0,[],0,03-25 11:43,03-25
1013,[],0,[],0,03-25 11:45,03-25
1014,[],0,[],0,03-25 11:48,03-25
1015,[],0,[],0,03-25 11:50,03-25
1016,[],0,[],0,03-25 11:50,03-25
1017,[],0,['盈利'],1,03-25 11:53,03-25
1018,[],0,[],0,03-25 11:54,03-25
1019,[],0,['入场'],1,03-25 11:57,03-25
1020,[],0,[],0,03-25 12:10,03-25
1021,[],0,[],0,03-25 12:10,03-25
1022,[],0,[],0,03-25 12:14,03-25
1023,[],0,[],0,03-25 12:14,03-25
1024,[],0,['利好'],1,03-25 12:17,03-25
1025,['下跌'],1,[],0,03-25 12:20,03-25
1026,[],0,[],0,03-25 12:21,03-25
1027,"['亏了', '下跌']",2,"['拉升', '买']",2,03-25 12:21,03-25
1028,[],0,[],0,03-25 12:27,03-25
1029,[],0,[],0,03-25 12:30,03-25
1030,['大跌'],1,[],0,03-25 12:30,03-25
1031,['跌'],1,[],0,03-25 12:32,03-25
1032,[],0,[],0,03-25 12:34,03-25
1033,[],0,[],0,03-25 12:36,03-25
1034,[],0,['买'],1,03-25 12:37,03-25
1035,[],0,[],0,03-25 12:38,03-25
1036,"['下跌', '空头']",2,['金叉'],1,03-25 12:38,03-25
1037,[],0,['利好'],1,03-25 12:39,03-25
1038,[],0,[],0,03-25 12:39,03-25
1039,[],0,[],0,03-25 12:40,03-25
1040,[],0,[],0,03-25 12:40,03-25
1041,"['跌', '出货', '跌']",3,"['涨', '涨']",2,03-25 12:40,03-25
1042,"['跌', '跌']",2,[],0,03-25 12:40,03-25
1043,[],0,[],0,03-25 12:50,03-25
1044,"['下跌', '亏']",2,[],0,03-25 12:55,03-25
1045,[],0,[],0,03-25 12:56,03-25
1046,['下跌'],1,"['涨', '拉升', '上涨']",3,03-25 12:56,03-25
1047,[],0,[],0,03-25 12:57,03-25
1048,['空'],1,['买'],1,03-25 12:58,03-25
1049,[],0,[],0,03-25 12:59,03-25
1050,['垃圾'],1,[],0,03-25 12:59,03-25
1051,['下跌'],1,['上涨'],1,03-25 12:59,03-25
1052,[],0,"['涨', '涨']",2,03-25 13:00,03-25
1053,[],0,[],0,03-25 13:08,03-25
1054,[],0,['入场'],1,03-25 13:13,03-25
1055,[],0,[],0,03-25 13:13,03-25
1056,[],0,[],0,03-25 13:15,03-25
1057,['跌'],1,[],0,03-25 13:15,03-25
1058,[],0,['买'],1,03-25 13:17,03-25
1059,[],0,[],0,03-25 13:18,03-25
1060,"['下跌', '跌', '垃圾']",3,[],0,03-25 13:19,03-25
1061,['利空'],1,[],0,03-25 13:19,03-25
1062,['卖'],1,['涨'],1,03-25 13:19,03-25
1063,[],0,[],0,03-25 13:21,03-25
1064,['跌'],1,[],0,03-25 13:25,03-25
1065,[],0,[],0,03-25 13:26,03-25
1066,[],0,[],0,03-25 13:33,03-25
1067,[],0,[],0,03-25 13:34,03-25
1068,[],0,[],0,03-25 13:35,03-25
1069,[],0,[],0,03-25 13:36,03-25
1070,[],0,[],0,03-25 13:37,03-25
1071,"['砸', '砸', '砸', '砸']",4,[],0,03-25 13:39,03-25
1072,[],0,[],0,03-25 13:42,03-25
1073,[],0,['多'],1,03-25 13:44,03-25
1074,[],0,[],0,03-25 13:44,03-25
1075,[],0,[],0,03-25 13:49,03-25
1076,[],0,[],0,03-25 13:49,03-25
1077,[],0,['买'],1,03-25 13:52,03-25
1078,[],0,['上涨'],1,03-25 13:53,03-25
1079,[],0,[],0,03-25 13:54,03-25
1080,[],0,['增加'],1,03-25 13:59,03-25
1081,['跌'],1,[],0,03-25 14:01,03-25
1082,['被套'],1,[],0,03-25 14:02,03-25
1083,[],0,[],0,03-25 14:03,03-25
1084,[],0,[],0,03-25 14:06,03-25
1085,[],0,[],0,03-25 14:15,03-25
1086,"['深套', '割肉', '被套']",3,['盈利'],1,03-25 14:17,03-25
1087,[],0,[],0,03-25 14:20,03-25
1088,[],0,[],0,03-25 14:20,03-25
1089,[],0,[],0,03-25 14:22,03-25
1090,[],0,[],0,03-25 14:23,03-25
1091,[],0,[],0,03-25 14:25,03-25
1092,['利空'],1,[],0,03-25 14:27,03-25
1093,"['流出', '砸', '砸']",3,[],0,03-25 14:29,03-25
1094,['垃圾'],1,[],0,03-25 14:30,03-25
1095,[],0,[],0,03-25 14:31,03-25
1096,[],0,[],0,03-25 14:31,03-25
1097,[],0,[],0,03-25 14:34,03-25
1098,[],0,[],0,03-25 14:36,03-25
1099,['高开低走'],1,[],0,03-25 14:36,03-25
1100,[],0,[],0,03-25 14:36,03-25
1101,[],0,[],0,03-25 14:37,03-25
1102,['跌'],1,[],0,03-25 14:40,03-25
1103,[],0,['买'],1,03-25 14:41,03-25
1104,[],0,[],0,03-25 14:47,03-25
1105,[],0,[],0,03-25 14:48,03-25
1106,['跌停'],1,[],0,03-25 14:49,03-25
1107,[],0,[],0,03-25 14:49,03-25
1108,[],0,[],0,03-25 14:51,03-25
1109,[],0,[],0,03-25 14:52,03-25
1110,['亏钱'],1,[],0,03-25 14:54,03-25
1111,[],0,[],0,03-25 14:58,03-25
1112,[],0,[],0,03-25 14:58,03-25
1113,[],0,[],0,03-25 14:58,03-25
1114,[],0,['开放'],1,03-25 14:58,03-25
1115,['空'],1,[],0,03-25 15:00,03-25
1116,['跌'],1,[],0,03-25 15:00,03-25
1117,[],0,[],0,03-25 15:01,03-25
1118,[],0,[],0,03-25 15:01,03-25
1119,[],0,['多'],1,03-25 15:06,03-25
1120,[],0,[],0,03-25 15:07,03-25
1121,[],0,[],0,03-25 15:07,03-25
1122,['被套'],1,[],0,03-25 15:08,03-25
1123,[],0,[],0,03-25 15:10,03-25
1124,[],0,[],0,03-25 15:11,03-25
1125,[],0,[],0,03-25 15:12,03-25
1126,[],0,[],0,03-25 15:14,03-25
1127,[],0,[],0,03-25 15:14,03-25
1128,"['砸', '下跌', '出货']",3,[],0,03-25 15:15,03-25
1129,[],0,[],0,03-25 15:15,03-25
1130,['亏钱'],1,['盈利'],1,03-25 15:17,03-25
1131,[],0,[],0,03-25 15:17,03-25
1132,[],0,[],0,03-25 15:18,03-25
1133,[],0,[],0,03-25 15:20,03-25
1134,['割肉'],1,['买'],1,03-25 15:23,03-25
1135,[],0,[],0,03-25 15:23,03-25
1136,[],0,[],0,03-25 15:25,03-25
1137,[],0,[],0,03-25 15:27,03-25
1138,[],0,[],0,03-25 15:30,03-25
1139,[],0,[],0,03-25 15:31,03-25
1140,[],0,['买'],1,03-25 15:32,03-25
1141,[],0,[],0,03-25 15:41,03-25
1142,"['跌', '亏']",2,"['涨', '赚']",2,03-25 15:41,03-25
1143,"['跌', '跌']",2,"['涨', '买']",2,03-25 15:41,03-25
1144,[],0,[],0,03-25 15:46,03-25
1145,[],0,[],0,03-25 16:00,03-25
1146,[],0,[],0,03-25 16:05,03-25
1147,[],0,[],0,03-25 16:09,03-25
1148,[],0,[],0,03-25 16:09,03-25
1149,[],0,[],0,03-25 16:13,03-25
1150,['跌'],1,[],0,03-25 16:14,03-25
1151,[],0,[],0,03-25 16:14,03-25
1152,['下跌'],1,[],0,03-25 16:14,03-25
1153,[],0,[],0,03-25 16:15,03-25
1154,[],0,[],0,03-25 16:15,03-25
1155,['做空'],1,['赚'],1,03-25 16:16,03-25
1156,['被套'],1,[],0,03-25 16:19,03-25
1157,[],0,[],0,03-25 16:19,03-25
1158,"['空头', '下跌']",2,[],0,03-25 16:20,03-25
1159,['流出'],1,[],0,03-25 16:21,03-25
1160,[],0,[],0,03-25 16:26,03-25
1161,[],0,[],0,03-25 16:29,03-25
1162,[],0,[],0,03-25 16:51,03-25
1163,[],0,[],0,03-25 16:58,03-25
1164,[],0,['看多'],1,03-25 16:59,03-25
1165,[],0,['多'],1,03-25 17:00,03-25
1166,[],0,[],0,03-25 17:01,03-25
1167,['跌停'],1,[],0,03-25 17:02,03-25
1168,[],0,[],0,03-25 17:09,03-25
1169,[],0,[],0,03-25 17:12,03-25
1170,[],0,[],0,03-25 17:14,03-25
1171,['空头'],1,[],0,03-25 17:15,03-25
1172,['卖'],1,"['多', '上涨']",2,03-25 17:16,03-25
1173,[],0,[],0,03-25 17:23,03-25
1174,[],0,[],0,03-25 17:28,03-25
1175,[],0,[],0,03-25 17:29,03-25
1176,['跌停'],1,[],0,03-25 17:32,03-25
1177,[],0,[],0,03-25 17:42,03-25
1178,"['下跌', '下跌']",2,['大阳线'],1,03-25 18:18,03-25
1179,[],0,[],0,03-25 18:21,03-25
1180,['下跌'],1,[],0,03-25 18:26,03-25
1181,[],0,[],0,03-25 18:27,03-25
1182,[],0,['买'],1,03-25 18:46,03-25
1183,[],0,[],0,03-25 18:52,03-25
1184,[],0,[],0,03-25 18:55,03-25
1185,['下跌'],1,[],0,03-25 18:58,03-25
1186,['流出'],1,[],0,03-25 19:01,03-25
1187,['垃圾'],1,[],0,03-25 19:05,03-25
1188,[],0,[],0,03-25 19:07,03-25
1189,[],0,[],0,03-25 19:13,03-25
1190,[],0,[],0,03-25 19:14,03-25
1191,[],0,[],0,03-25 19:16,03-25
1192,[],0,"['盈利', '多']",2,03-25 19:16,03-25
1193,"['跌', '跌']",2,[],0,03-25 19:20,03-25
1194,[],0,['买'],1,03-25 19:21,03-25
1195,[],0,[],0,03-25 19:23,03-25
1196,[],0,['多'],1,03-25 19:28,03-25
1197,[],0,['看多'],1,03-25 19:31,03-25
1198,['被套'],1,[],0,03-25 19:36,03-25
1199,[],0,[],0,03-25 19:38,03-25
1200,[],0,[],0,03-25 19:39,03-25
1201,[],0,[],0,03-25 19:43,03-25
1202,[],0,[],0,03-25 19:46,03-25
1203,['跌'],1,[],0,03-25 19:47,03-25
1204,[],0,[],0,03-25 19:51,03-25
1205,[],0,[],0,03-25 19:55,03-25
1206,[],0,[],0,03-25 19:56,03-25
1207,[],0,[],0,03-25 20:06,03-25
1208,[],0,[],0,03-25 20:06,03-25
1209,[],0,[],0,03-25 20:11,03-25
1210,[],0,[],0,03-25 20:22,03-25
1211,[],0,[],0,03-25 20:31,03-25
1212,[],0,[],0,03-25 20:31,03-25
1213,[],0,['买'],1,03-25 20:37,03-25
1214,[],0,[],0,03-25 20:38,03-25
1215,['砸'],1,[],0,03-25 20:43,03-25
1216,['亏'],1,['买'],1,03-25 21:13,03-25
1217,[],0,[],0,03-25 21:14,03-25
1218,[],0,[],0,03-25 21:17,03-25
1219,[],0,[],0,03-25 21:17,03-25
1220,[],0,[],0,03-25 21:23,03-25
1221,[],0,[],0,03-25 21:37,03-25
1222,[],0,[],0,03-25 21:40,03-25
1223,['利空'],1,[],0,03-25 21:51,03-25
1224,[],0,['买'],1,03-25 22:17,03-25
1225,[],0,[],0,03-25 22:59,03-25
1226,['跌'],1,['买'],1,03-25 23:10,03-25
1227,[],0,[],0,03-25 23:11,03-25
1228,[],0,[],0,03-25 23:59,03-25
1229,[],0,['多'],1,03-26 00:19,03-26
1230,[],0,[],0,03-26 00:44,03-26
1231,[],0,[],0,03-26 05:37,03-26
1232,[],0,[],0,03-26 06:46,03-26
1233,[],0,[],0,03-26 07:18,03-26
1234,[],0,[],0,03-26 07:27,03-26
1235,[],0,[],0,03-26 07:30,03-26
1236,[],0,[],0,03-26 07:32,03-26
1237,[],0,[],0,03-26 07:53,03-26
1238,[],0,[],0,03-26 07:59,03-26
1239,[],0,[],0,03-26 08:05,03-26
1240,['下跌'],1,[],0,03-26 08:37,03-26
1241,[],0,[],0,03-26 08:40,03-26
1242,[],0,[],0,03-26 08:47,03-26
1243,[],0,"['利好', '利好']",2,03-26 08:51,03-26
1244,[],0,[],0,03-26 08:53,03-26
1245,[],0,[],0,03-26 08:53,03-26
1246,['下跌'],1,[],0,03-26 08:57,03-26
1247,[],0,[],0,03-26 08:58,03-26
1248,[],0,[],0,03-26 09:03,03-26
1249,[],0,[],0,03-26 09:06,03-26
1250,"['砸', '砸']",2,[],0,03-26 09:07,03-26
1251,"['跌', '卖']",2,[],0,03-26 09:07,03-26
1252,[],0,['大涨'],1,03-26 09:09,03-26
1253,[],0,[],0,03-26 09:22,03-26
1254,[],0,['涨'],1,03-26 09:23,03-26
1255,[],0,[],0,03-26 09:24,03-26
1256,['下跌'],1,"['盈利', '涨']",2,03-26 09:25,03-26
1257,[],0,[],0,03-26 09:27,03-26
1258,[],0,[],0,03-26 09:28,03-26
1259,[],0,[],0,03-26 09:33,03-26
1260,[],0,[],0,03-26 09:33,03-26
1261,[],0,[],0,03-26 09:33,03-26
1262,[],0,[],0,03-26 09:34,03-26
1263,[],0,[],0,03-26 09:34,03-26
1264,[],0,[],0,03-26 09:35,03-26
1265,[],0,[],0,03-26 09:36,03-26
1266,['砸'],1,[],0,03-26 09:36,03-26
1267,[],0,['多'],1,03-26 09:37,03-26
1268,['亏'],1,"['多', '买', '买', '买']",4,03-26 09:38,03-26
1269,[],0,['上涨'],1,03-26 09:39,03-26
1270,['砸'],1,[],0,03-26 09:40,03-26
1271,['砸'],1,[],0,03-26 09:41,03-26
1272,['下跌'],1,['上涨'],1,03-26 09:41,03-26
1273,[],0,[],0,03-26 09:42,03-26
1274,[],0,[],0,03-26 09:42,03-26
1275,['卖'],1,[],0,03-26 09:43,03-26
1276,[],0,[],0,03-26 09:43,03-26
1277,['阴跌'],1,[],0,03-26 09:43,03-26
1278,['跌'],1,['涨'],1,03-26 09:43,03-26
1279,[],0,[],0,03-26 09:45,03-26
1280,[],0,[],0,03-26 09:45,03-26
1281,[],0,['多'],1,03-26 09:46,03-26
1282,['跌'],1,[],0,03-26 09:46,03-26
1283,[],0,[],0,03-26 09:47,03-26
1284,['砸'],1,"['多头', '涨']",2,03-26 09:47,03-26
1285,['砸'],1,[],0,03-26 09:49,03-26
1286,[],0,[],0,03-26 09:55,03-26
1287,[],0,[],0,03-26 09:55,03-26
1288,[],0,[],0,03-26 09:56,03-26
1289,[],0,[],0,03-26 09:59,03-26
1290,[],0,[],0,03-26 10:00,03-26
1291,[],0,[],0,03-26 10:00,03-26
1292,[],0,[],0,03-26 10:00,03-26
1293,[],0,['涨'],1,03-26 10:00,03-26
1294,[],0,[],0,03-26 10:00,03-26
1295,[],0,[],0,03-26 10:01,03-26
1296,[],0,[],0,03-26 10:01,03-26
1297,[],0,[],0,03-26 10:02,03-26
1298,[],0,[],0,03-26 10:02,03-26
1299,[],0,[],0,03-26 10:04,03-26
1300,[],0,[],0,03-26 10:04,03-26
1301,[],0,[],0,03-26 10:05,03-26
1302,[],0,[],0,03-26 10:06,03-26
1303,[],0,['涨'],1,03-26 10:06,03-26
1304,['垃圾'],1,[],0,03-26 10:07,03-26
1305,"['砸', '跌']",2,['多'],1,03-26 10:07,03-26
1306,[],0,[],0,03-26 10:07,03-26
1307,[],0,[],0,03-26 10:07,03-26
1308,[],0,[],0,03-26 10:08,03-26
1309,[],0,[],0,03-26 10:08,03-26
1310,[],0,['多'],1,03-26 10:08,03-26
1311,[],0,[],0,03-26 10:08,03-26
1312,[],0,[],0,03-26 10:08,03-26
1313,[],0,[],0,03-26 10:10,03-26
1314,[],0,[],0,03-26 10:11,03-26
1315,[],0,[],0,03-26 10:12,03-26
1316,[],0,[],0,03-26 10:12,03-26
1317,['垃圾'],1,[],0,03-26 10:12,03-26
1318,['空头'],1,"['多头', '拉升']",2,03-26 10:16,03-26
1319,[],0,['买'],1,03-26 10:16,03-26
1320,[],0,[],0,03-26 10:16,03-26
1321,['跌'],1,['买'],1,03-26 10:17,03-26
1322,[],0,[],0,03-26 10:17,03-26
1323,['卖'],1,[],0,03-26 10:17,03-26
1324,['跌'],1,[],0,03-26 10:19,03-26
1325,[],0,[],0,03-26 10:20,03-26
1326,[],0,[],0,03-26 10:20,03-26
1327,[],0,[],0,03-26 10:22,03-26
1328,[],0,[],0,03-26 10:23,03-26
1329,['跌'],1,[],0,03-26 10:24,03-26
1330,[],0,[],0,03-26 10:25,03-26
1331,['做空'],1,[],0,03-26 10:25,03-26
1332,[],0,[],0,03-26 10:28,03-26
1333,[],0,[],0,03-26 10:29,03-26
1334,[],0,[],0,03-26 10:31,03-26
1335,['空头'],1,['多头'],1,03-26 10:32,03-26
1336,[],0,[],0,03-26 10:33,03-26
1337,"['深套', '跌']",2,['涨'],1,03-26 10:35,03-26
1338,[],0,[],0,03-26 10:35,03-26
1339,[],0,[],0,03-26 10:35,03-26
1340,[],0,[],0,03-26 10:36,03-26
1341,[],0,[],0,03-26 10:36,03-26
1342,[],0,[],0,03-26 10:36,03-26
1343,[],0,[],0,03-26 10:37,03-26
1344,[],0,[],0,03-26 10:37,03-26
1345,[],0,['赚'],1,03-26 10:39,03-26
1346,[],0,[],0,03-26 10:40,03-26
1347,[],0,[],0,03-26 10:43,03-26
1348,['抛售'],1,[],0,03-26 10:45,03-26
1349,[],0,[],0,03-26 10:47,03-26
1350,"['卖', '卖']",2,[],0,03-26 10:48,03-26
1351,[],0,['多'],1,03-26 10:50,03-26
1352,[],0,['涨'],1,03-26 10:51,03-26
1353,[],0,['涨'],1,03-26 10:52,03-26
1354,"['下跌', '跌', '跌', '跌', '跌', '跌']",6,[],0,03-26 10:53,03-26
1355,[],0,[],0,03-26 10:53,03-26
1356,[],0,[],0,03-26 10:53,03-26
1357,[],0,[],0,03-26 10:54,03-26
1358,"['流出', '看跌']",2,[],0,03-26 10:55,03-26
1359,[],0,[],0,03-26 10:57,03-26
1360,"['下跌', '下跌']",2,"['买', '买', '买']",3,03-26 10:58,03-26
1361,[],0,[],0,03-26 11:00,03-26
1362,['跌'],1,['多'],1,03-26 11:00,03-26
1363,['跌'],1,['买'],1,03-26 11:00,03-26
1364,['砸'],1,[],0,03-26 11:01,03-26
1365,[],0,['买'],1,03-26 11:03,03-26
1366,[],0,['买'],1,03-26 11:07,03-26
1367,[],0,[],0,03-26 11:08,03-26
1368,[],0,[],0,03-26 11:08,03-26
1369,[],0,[],0,03-26 11:08,03-26
1370,[],0,[],0,03-26 11:08,03-26
1371,"['下跌', '下跌']",2,['上涨'],1,03-26 11:08,03-26
1372,['大跌'],1,['多'],1,03-26 11:09,03-26
1373,[],0,['多'],1,03-26 11:09,03-26
1374,['割肉'],1,[],0,03-26 11:09,03-26
1375,['做空'],1,[],0,03-26 11:09,03-26
1376,[],0,[],0,03-26 11:10,03-26
1377,[],0,['多'],1,03-26 11:12,03-26
1378,[],0,[],0,03-26 11:12,03-26
1379,[],0,[],0,03-26 11:12,03-26
1380,[],0,[],0,03-26 11:12,03-26
1381,[],0,['买'],1,03-26 11:13,03-26
1382,[],0,[],0,03-26 11:14,03-26
1383,[],0,[],0,03-26 11:14,03-26
1384,[],0,[],0,03-26 11:14,03-26
1385,[],0,[],0,03-26 11:16,03-26
1386,[],0,['多头'],1,03-26 11:18,03-26
1387,"['跌', '跌']",2,[],0,03-26 11:20,03-26
1388,['下跌'],1,[],0,03-26 11:22,03-26
1389,[],0,[],0,03-26 11:22,03-26
1390,[],0,[],0,03-26 11:23,03-26
1391,[],0,[],0,03-26 11:24,03-26
1392,['下跌'],1,['多'],1,03-26 11:24,03-26
1393,[],0,['涨'],1,03-26 11:25,03-26
1394,[],0,[],0,03-26 11:26,03-26
1395,[],0,[],0,03-26 11:28,03-26
1396,[],0,[],0,03-26 11:34,03-26
1397,[],0,[],0,03-26 11:37,03-26
1398,['流出'],1,[],0,03-26 11:42,03-26
1399,[],0,[],0,03-26 11:42,03-26
1400,[],0,['买'],1,03-26 11:45,03-26
1401,[],0,[],0,03-26 11:47,03-26
1402,['跌'],1,[],0,03-26 11:49,03-26
1403,[],0,[],0,03-26 11:51,03-26
1404,[],0,['买'],1,03-26 12:03,03-26
1405,[],0,[],0,03-26 12:10,03-26
1406,[],0,[],0,03-26 12:13,03-26
1407,[],0,[],0,03-26 12:16,03-26
1408,[],0,[],0,03-26 12:23,03-26
1409,[],0,[],0,03-26 12:25,03-26
1410,[],0,[],0,03-26 12:38,03-26
1411,[],0,[],0,03-26 12:41,03-26
1412,[],0,[],0,03-26 12:58,03-26
1413,[],0,['涨'],1,03-26 12:58,03-26
1414,[],0,[],0,03-26 12:59,03-26
1415,[],0,['买'],1,03-26 13:02,03-26
1416,[],0,[],0,03-26 13:03,03-26
1417,[],0,[],0,03-26 13:04,03-26
1418,[],0,[],0,03-26 13:06,03-26
1419,[],0,[],0,03-26 13:08,03-26
1420,[],0,[],0,03-26 13:10,03-26
1421,[],0,[],0,03-26 13:11,03-26
1422,[],0,['多'],1,03-26 13:13,03-26
1423,"['跌', '垃圾']",2,[],0,03-26 13:14,03-26
1424,[],0,[],0,03-26 13:14,03-26
1425,[],0,"['多', '多']",2,03-26 13:14,03-26
1426,[],0,[],0,03-26 13:15,03-26
1427,"['卖', '卖']",2,"['买', '多']",2,03-26 13:17,03-26
1428,[],0,[],0,03-26 13:18,03-26
1429,[],0,[],0,03-26 13:20,03-26
1430,[],0,[],0,03-26 13:20,03-26
1431,[],0,[],0,03-26 13:20,03-26
1432,[],0,[],0,03-26 13:21,03-26
1433,[],0,[],0,03-26 13:21,03-26
1434,[],0,[],0,03-26 13:22,03-26
1435,['跌'],1,['多'],1,03-26 13:22,03-26
1436,['下跌'],1,[],0,03-26 13:22,03-26
1437,[],0,[],0,03-26 13:23,03-26
1438,[],0,[],0,03-26 13:24,03-26
1439,[],0,['买'],1,03-26 13:24,03-26
1440,[],0,[],0,03-26 13:25,03-26
1441,[],0,[],0,03-26 13:28,03-26
1442,"['下跌', '砸']",2,[],0,03-26 13:29,03-26
1443,['跌'],1,[],0,03-26 13:30,03-26
1444,[],0,[],0,03-26 13:31,03-26
1445,['跌'],1,[],0,03-26 13:33,03-26
1446,['空头'],1,[],0,03-26 13:33,03-26
1447,[],0,[],0,03-26 13:33,03-26
1448,['流出'],1,[],0,03-26 13:33,03-26
1449,[],0,[],0,03-26 13:34,03-26
1450,['垃圾'],1,[],0,03-26 13:35,03-26
1451,['下跌'],1,[],0,03-26 13:36,03-26
1452,[],0,[],0,03-26 13:38,03-26
1453,[],0,[],0,03-26 13:39,03-26
1454,[],0,[],0,03-26 13:39,03-26
1455,[],0,[],0,03-26 13:39,03-26
1456,[],0,[],0,03-26 13:39,03-26
1457,[],0,[],0,03-26 13:40,03-26
1458,[],0,[],0,03-26 13:42,03-26
1459,['跌'],1,['多'],1,03-26 13:42,03-26
1460,[],0,[],0,03-26 13:42,03-26
1461,[],0,[],0,03-26 13:43,03-26
1462,['空头'],1,[],0,03-26 13:43,03-26
1463,[],0,"['涨', '涨']",2,03-26 13:45,03-26
1464,[],0,[],0,03-26 13:47,03-26
1465,[],0,[],0,03-26 13:50,03-26
1466,[],0,[],0,03-26 13:51,03-26
1467,[],0,[],0,03-26 13:52,03-26
1468,[],0,[],0,03-26 13:53,03-26
1469,[],0,[],0,03-26 13:54,03-26
1470,['砸'],1,[],0,03-26 13:54,03-26
1471,[],0,[],0,03-26 13:54,03-26
1472,"['做空', '砸']",2,[],0,03-26 13:55,03-26
1473,[],0,[],0,03-26 13:55,03-26
1474,[],0,[],0,03-26 13:55,03-26
1475,[],0,['拉升'],1,03-26 13:56,03-26
1476,[],0,[],0,03-26 13:58,03-26
1477,[],0,[],0,03-26 13:59,03-26
1478,[],0,['涨'],1,03-26 14:00,03-26
1479,[],0,[],0,03-26 14:01,03-26
1480,[],0,[],0,03-26 14:01,03-26
1481,[],0,['涨'],1,03-26 14:03,03-26
1482,[],0,[],0,03-26 14:03,03-26
1483,[],0,[],0,03-26 14:07,03-26
1484,[],0,[],0,03-26 14:08,03-26
1485,[],0,[],0,03-26 14:10,03-26
1486,[],0,[],0,03-26 14:11,03-26
1487,[],0,[],0,03-26 14:12,03-26
1488,[],0,[],0,03-26 14:12,03-26
1489,[],0,[],0,03-26 14:13,03-26
1490,[],0,['多'],1,03-26 14:14,03-26
1491,[],0,[],0,03-26 14:14,03-26
1492,[],0,[],0,03-26 14:14,03-26
1493,[],0,[],0,03-26 14:17,03-26
1494,[],0,['涨'],1,03-26 14:17,03-26
1495,[],0,[],0,03-26 14:23,03-26
1496,[],0,[],0,03-26 14:23,03-26
1497,[],0,[],0,03-26 14:24,03-26
1498,[],0,[],0,03-26 14:27,03-26
1499,[],0,[],0,03-26 14:30,03-26
1500,[],0,[],0,03-26 14:30,03-26
1501,['跌'],1,['涨'],1,03-26 14:31,03-26
1502,['跌'],1,['涨'],1,03-26 14:32,03-26
1503,['卖'],1,[],0,03-26 14:37,03-26
1504,[],0,[],0,03-26 14:39,03-26
1505,[],0,[],0,03-26 14:41,03-26
1506,['利空'],1,[],0,03-26 14:41,03-26
1507,[],0,[],0,03-26 14:41,03-26
1508,[],0,[],0,03-26 14:41,03-26
1509,[],0,[],0,03-26 14:42,03-26
1510,[],0,[],0,03-26 14:42,03-26
1511,"['利空', '利空']",2,[],0,03-26 14:42,03-26
1512,[],0,[],0,03-26 14:43,03-26
1513,[],0,['赚'],1,03-26 14:43,03-26
1514,[],0,[],0,03-26 14:45,03-26
1515,[],0,[],0,03-26 14:45,03-26
1516,['卖'],1,[],0,03-26 14:47,03-26
1517,[],0,[],0,03-26 14:49,03-26
1518,[],0,[],0,03-26 14:52,03-26
1519,"['亏损', '离场']",2,[],0,03-26 14:52,03-26
1520,[],0,[],0,03-26 14:53,03-26
1521,[],0,[],0,03-26 14:53,03-26
1522,[],0,[],0,03-26 14:55,03-26
1523,[],0,[],0,03-26 14:55,03-26
1524,[],0,"['增加', '增加']",2,03-26 14:55,03-26
1525,[],0,[],0,03-26 14:56,03-26
1526,[],0,[],0,03-26 14:58,03-26
1527,[],0,[],0,03-26 15:00,03-26
1528,[],0,[],0,03-26 15:00,03-26
1529,"['砸', '砸']",2,['多'],1,03-26 15:01,03-26
1530,[],0,[],0,03-26 15:01,03-26
1531,[],0,[],0,03-26 15:01,03-26
1532,[],0,[],0,03-26 15:01,03-26
1533,[],0,[],0,03-26 15:02,03-26
1534,[],0,[],0,03-26 15:02,03-26
1535,[],0,[],0,03-26 15:02,03-26
1536,['被套'],1,[],0,03-26 15:02,03-26
1537,[],0,[],0,03-26 15:04,03-26
1538,['跌'],1,[],0,03-26 15:05,03-26
1539,[],0,"['买', '买']",2,03-26 15:07,03-26
1540,[],0,[],0,03-26 15:07,03-26
1541,[],0,"['流入', '流入', '多', '发力']",4,03-26 15:10,03-26
1542,['跌'],1,[],0,03-26 15:11,03-26
1543,[],0,['多'],1,03-26 15:12,03-26
1544,[],0,[],0,03-26 15:16,03-26
1545,[],0,[],0,03-26 15:17,03-26
1546,[],0,[],0,03-26 15:17,03-26
1547,[],0,[],0,03-26 15:17,03-26
1548,[],0,[],0,03-26 15:18,03-26
1549,[],0,[],0,03-26 15:21,03-26
1550,[],0,[],0,03-26 15:22,03-26
1551,[],0,[],0,03-26 15:24,03-26
1552,[],0,[],0,03-26 15:25,03-26
1553,[],0,[],0,03-26 15:27,03-26
1554,['看空'],1,[],0,03-26 15:29,03-26
1555,[],0,[],0,03-26 15:31,03-26
1556,[],0,[],0,03-26 15:47,03-26
1557,[],0,[],0,03-26 15:48,03-26
1558,[],0,[],0,03-26 15:50,03-26
1559,[],0,[],0,03-26 16:20,03-26
1560,[],0,[],0,03-26 16:23,03-26
1561,"['空', '跌']",2,[],0,03-26 16:26,03-26
1562,[],0,['买'],1,03-26 16:28,03-26
1563,[],0,[],0,03-26 17:09,03-26
1564,"['下跌', '割肉', '割肉']",3,['盈利'],1,03-26 17:09,03-26
1565,[],0,[],0,03-26 17:10,03-26
1566,[],0,[],0,03-26 17:31,03-26
1567,[],0,[],0,03-26 17:37,03-26
1568,[],0,['补'],1,03-26 17:39,03-26
1569,[],0,[],0,03-26 17:47,03-26
1570,[],0,[],0,03-26 17:47,03-26
1571,[],0,[],0,03-26 17:53,03-26
1572,[],0,[],0,03-26 18:03,03-26
1573,[],0,[],0,03-26 18:08,03-26
1574,[],0,[],0,03-26 18:09,03-26
1575,[],0,[],0,03-26 18:11,03-26
1576,[],0,[],0,03-26 18:25,03-26
1577,[],0,['买'],1,03-26 18:37,03-26
1578,[],0,[],0,03-26 18:53,03-26
1579,[],0,[],0,03-26 18:59,03-26
1580,[],0,[],0,03-26 19:05,03-26
1581,[],0,[],0,03-26 19:25,03-26
1582,['卖'],1,[],0,03-26 20:05,03-26
1583,[],0,[],0,03-26 20:06,03-26
1584,[],0,['拉升'],1,03-26 20:08,03-26
1585,[],0,[],0,03-26 20:08,03-26
1586,['跌'],1,['增加'],1,03-26 20:26,03-26
1587,[],0,[],0,03-26 20:39,03-26
1588,[],0,[],0,03-26 20:40,03-26
1589,[],0,"['上涨', '利好']",2,03-26 20:40,03-26
1590,[],0,['大涨'],1,03-26 20:42,03-26
1591,[],0,[],0,03-26 20:49,03-26
1592,[],0,['看涨'],1,03-26 21:29,03-26
1593,['被套'],1,['看多'],1,03-26 21:31,03-26
1594,[],0,['涨'],1,03-26 21:36,03-26
1595,[],0,[],0,03-26 21:40,03-26
1596,[],0,['暴涨'],1,03-26 21:46,03-26
1597,[],0,[],0,03-26 21:49,03-26
1598,[],0,[],0,03-26 21:49,03-26
1599,[],0,[],0,03-26 21:57,03-26
1600,[],0,[],0,03-26 21:58,03-26
1601,[],0,[],0,03-26 22:03,03-26
1602,[],0,[],0,03-26 22:04,03-26
1603,[],0,[],0,03-26 22:07,03-26
1604,[],0,[],0,03-26 22:13,03-26
1605,[],0,[],0,03-26 22:16,03-26
1606,[],0,[],0,03-26 22:22,03-26
1607,[],0,[],0,03-26 22:25,03-26
1608,[],0,[],0,03-26 22:25,03-26
1609,[],0,[],0,03-26 22:25,03-26
1610,[],0,[],0,03-26 22:27,03-26
1611,['大跌'],1,[],0,03-26 22:28,03-26
1612,[],0,[],0,03-26 22:28,03-26
1613,['下跌'],1,[],0,03-26 22:35,03-26
1614,[],0,[],0,03-26 22:38,03-26
1615,['跌停'],1,[],0,03-26 22:50,03-26
1616,['大跌'],1,"['拉升', '涨幅']",2,03-26 23:10,03-26
1617,[],0,[],0,03-26 23:14,03-26
1618,[],0,[],0,03-26 23:14,03-26
1619,[],0,['涨'],1,03-26 23:16,03-26
1620,[],0,[],0,03-26 23:17,03-26
1621,[],0,[],0,03-26 23:21,03-26
1622,[],0,[],0,03-26 23:23,03-26
1623,[],0,[],0,03-26 23:25,03-26
1624,[],0,[],0,03-27 00:06,03-27
1625,['空头'],1,"['拉升', '拉升', '拉升', '上涨']",4,03-27 00:52,03-27
1626,[],0,[],0,03-27 00:59,03-27
1627,[],0,[],0,03-27 03:57,03-27
1628,[],0,[],0,03-27 06:50,03-27
